[{
	"I": {
		"___name___": "India",
		"AP": {
			"___name___": "Andhra Pradesh",
			"ANA": {
				"___name___": "Anantapur"
			},
			"GUN": {
				"___name___": "Guntur"
			},
			"HYD": {
				"___name___": "Hyderabad/Secunderabad"
			},
			"KAK": {
				"___name___": "kakinada"
			},
			"KUR": {
				"___name___": "kurnool"
			},
			"NEL": {
				"___name___": "Nellore"
			},
			"NIZ": {
				"___name___": "Nizamabad"
			},
			"RAJ": {
				"___name___": "Rajahmundry"
			},
			"TIR": {
				"___name___": "Tirupati"
			},
			"VIJ": {
				"___name___": "Vijayawada"
			},
			"VIS": {
				"___name___": "Visakhapatnam"
			},
			"WAR": {
				"___name___": "Warangal"
			},
			"AND": {
				"___name___": "Andra Pradesh-Other"
			},
			"zzOTHER": {
				"___name___": "Other"
			}
		},
		"AU": {
			"___name___": "Arunachal Pradesh",
			"ITA": {
				"___name___": "Itanagar"
			},
			"ARU": {
				"___name___": "Arunachal Pradesh-Other"
			},
			"zzOTHER": {
				"___name___": "Other"
			}
		},
		"AS": {
			"___name___": "Assam",
			"GUW": {
				"___name___": "Guwahati"
			},
			"SIL": {
				"___name___": "Silchar"
			},
			"ASS": {
				"___name___": "Assam-Other"
			},
			"zzOTHER": {
				"___name___": "Other"
			}
		},
		"BH": {
			"___name___": "Bihar",
			"BHA": {
				"___name___": "Bhagalpur"
			},
			"PAT": {
				"___name___": "Patna"
			},
			"BIH": {
				"___name___": "Bihar-Other"
			},
			"zzOTHER": {
				"___name___": "Other"
			}
		},
		"CG": {
			"___name___": "Chhattisgarh",
			"BHI": {
				"___name___": "Bhillai"
			},
			"BIL": {
				"___name___": "Bilaspur"
			},
			"RAI": {
				"___name___": "Raipur"
			},
			"CHH": {
				"___name___": "Chhattisgarh-Other"
			},
			"zzOTHER": {
				"___name___": "Other"
			}
		},
		"GA": {
			"___name___": "Goa",
			"PAN": {
				"___name___": "Panjim/Panaji"
			},
			"VAS": {
				"___name___": "Vasco Da Gama"
			},
			"GOA": {
				"___name___": "Goa-Other"
			},
			"zzOTHER": {
				"___name___": "Other"
			}
		},
		"GJ": {
			"___name___": "Gujarat",
			"AHM": {
				"___name___": "Ahmedabad"
			},
			"ANA": {
				"___name___": "Anand"
			},
			"ANK": {
				"___name___": "Ankleshwar"
			},
			"BHA": {
				"___name___": "Bhavnagar"
			},
			"BHU": {
				"___name___": "Bhuj"
			},
			"GAN": {
				"___name___": "Gandhinagar"
			},
			"GIR": {
				"___name___": "Gir"
			},
			"JAM": {
				"___name___": "Jamnagar"
			},
			"KAN": {
				"___name___": "Kandla"
			},
			"POR": {
				"___name___": "Porbandar"
			},
			"RAJ": {
				"___name___": "Rajkot"
			},
			"SUR": {
				"___name___": "Surat"
			},
			"VAD": {
				"___name___": "Vadodara/Baroda"
			},
			"VAL": {
				"___name___": "Valsad"
			},
			"VAP": {
				"___name___": "Vapi"
			},
			"GUJ": {
				"___name___": "Gujarat-Other"
			},
			"zzOTHER": {
				"___name___": "Other"
			}
		},
		"HR": {
			"___name___": "Haryana",
			"AMB": {
				"___name___": "Ambala"
			},
			"CHA": {
				"___name___": "Chandigarh"
			},
			"FAR": {
				"___name___": "Faridabad"
			},
			"GUR": {
				"___name___": "Gurgaon"
			},
			"HIS": {
				"___name___": "Hisar"
			},
			"KAR": {
				"___name___": "Karnal"
			},
			"KUR": {
				"___name___": "Kurukshetra"
			},
			"PAN": {
				"___name___": "Panipat"
			},
			"ROH": {
				"___name___": "Rohtak"
			},
			"HAR": {
				"___name___": "Haryana-Other"
			},
			"zzOTHER": {
				"___name___": "Other"
			}
		},
		"HP": {
			"___name___": "Himachal Pradesh",
			"DAL": {
				"___name___": "Dalhousie"
			},
			"DHA": {
				"___name___": "Dharmasala"
			},
			"KUL": {
				"___name___": "Kulu/Manali"
			},
			"SHI": {
				"___name___": "Shimla"
			},
			"HIM": {
				"___name___": "Himachal Pradesh-Other"
			},
			"zzOTHER": {
				"___name___": "Other"
			}
		},
		"J&K": {
			"___name___": "Jammu and Kashmir",
			"JAM": {
				"___name___": "Jammu and Kashmir-Other"
			},
			"SRI": {
				"___name___": "Srinagar"
			},
			"zzOTHER": {
				"___name___": "Other"
			}
		},
		"JR": {
			"___name___": "Jharkhand",
			"BOK": {
				"___name___": "Bokaro"
			},
			"DHA": {
				"___name___": "Dhanbad"
			},
			"JAM": {
				"___name___": "Jamshedpur"
			},
			"RAN": {
				"___name___": "Ranchi"
			},
			"JHA": {
				"___name___": "Jharkhand-Other"
			},
			"zzOTHER": {
				"___name___": "Other"
			}
		},
		"KA": {
			"___name___": "Karnataka",
			"BEN": {
				"___name___": "Bengaluru/Bangalore"
			},
			"BEL": {
				"___name___": "Bellary"
			},
			"BID": {
				"___name___": "Bidar"
			},
			"DHA": {
				"___name___": "Dharwad"
			},
			"GUL": {
				"___name___": "Gulbarga"
			},
			"HUB": {
				"___name___": "Hubli"
			},
			"KOL": {
				"___name___": "Kolar"
			},
			"MAN": {
				"___name___": "Mangalore"
			},
			"MYS": {
				"___name___": "Mysoru/Mysore"
			},
			"KAR": {
				"___name___": "Karnataka-Other"
			},
			"zzOTHER": {
				"___name___": "Other"
			}
		},
		"KR": {
			"___name___": "Kerala",
			"CAL": {
				"___name___": "Calicut"
			},
			"COC": {
				"___name___": "Cochin"
			},
			"ERN": {
				"___name___": "Ernakulam"
			},
			"KAN": {
				"___name___": "Kannur"
			},
			"KOC": {
				"___name___": "Kochi"
			},
			"KOL": {
				"___name___": "Kollam"
			},
			"KOT": {
				"___name___": "Kottayam"
			},
			"KOZ": {
				"___name___": "Kozhikode"
			},
			"PAL": {
				"___name___": "Palghat"
			},
			"THR": {
				"___name___": "Thrissur"
			},
			"TRI": {
				"___name___": "Trivandrum"
			},
			"KER": {
				"___name___": "Kerela-Other"
			},
			"zzOTHER": {
				"___name___": "Other"
			}
		},
		"MP": {
			"___name___": "Madhya Pradesh",
			"BHO": {
				"___name___": "Bhopal"
			},
			"GWA": {
				"___name___": "Gwalior"
			},
			"IND": {
				"___name___": "Indore"
			},
			"JAB": {
				"___name___": "Jabalpur"
			},
			"UJJ": {
				"___name___": "Ujjain"
			},
			"MAD": {
				"___name___": "Madhya Pradesh-Other"
			},
			"zzOTHER": {
				"___name___": "Other"
			}
		},
		"MH": {
			"___name___": "Maharashtra",
			"AHM": {
				"___name___": "Ahmednagar"
			},
			"AUR": {
				"___name___": "Aurangabad"
			},
			"JAL": {
				"___name___": "Jalgaon"
			},
			"KOL": {
				"___name___": "Kolhapur"
			},
			"MUM": {
				"___name___": "Mumbai Suburbs"
			},
			"NAG": {
				"___name___": "Nagpur"
			},
			"NAS": {
				"___name___": "Nasik"
			},
			"NAV": {
				"___name___": "Navi Mumbai"
			},
			"PUN": {
				"___name___": "Pune"
			},
			"SOL": {
				"___name___": "Solapur"
			},
			"MAH": {
				"___name___": "Maharashtra-Other"
			},
			"zzOTHER": {
				"___name___": "Other"
			}
		},
		"MN": {
			"___name___": "Manipur",
			"IMP": {
				"___name___": "Imphal"
			},
			"MAN": {
				"___name___": "Manipur-Other"
			},
			"zzOTHER": {
				"___name___": "Other"
			}
		},
		"MG": {
			"___name___": "Meghalaya",
			"SHI": {
				"___name___": "Shillong"
			},
			"MEG": {
				"___name___": "Meghalaya-Other"
			},
			"zzOTHER": {
				"___name___": "Other"
			}
		},
		"MZ": {
			"___name___": "Mizoram",
			"AIZ": {
				"___name___": "Aizawal"
			},
			"MIZ": {
				"___name___": "Mizoram-Other"
			},
			"zzOTHER": {
				"___name___": "Other"
			}
		},
		"NG": {
			"___name___": "Nagaland",
			"DIM": {
				"___name___": "Dimapur"
			},
			"NAG": {
				"___name___": "Nagaland-Other"
			},
			"zzOTHER": {
				"___name___": "Other"
			}
		},
		"OD": {
			"___name___": "Odisha",
			"BHU": {
				"___name___": "Bhubaneshwar"
			},
			"CUT": {
				"___name___": "Cuttak"
			},
			"PAR": {
				"___name___": "Paradeep"
			},
			"PUR": {
				"___name___": "Puri"
			},
			"ROU": {
				"___name___": "Rourkela"
			},
			"ORI": {
				"___name___": "Orissa-Other"
			},
			"zzOTHER": {
				"___name___": "Other"
			}
		},
		"PB": {
			"___name___": "Punjab",
			"AMR": {
				"___name___": "Amritsar"
			},
			"BAT": {
				"___name___": "Bathinda"
			},
			"CHA": {
				"___name___": "Chandigarh"
			},
			"JAL": {
				"___name___": "Jalandhar"
			},
			"LUD": {
				"___name___": "Ludhiana"
			},
			"MOH": {
				"___name___": "Mohali"
			},
			"PAT": {
				"___name___": "Patiala"
			},
			"PUN": {
				"___name___": "Punjab-Other"
			},
			"zzOTHER": {
				"___name___": "Other"
			}
		},
		"RJ": {
			"___name___": "Rajasthan",
			"AJM": {
				"___name___": "Ajmer"
			},
			"JAI": {
				"___name___": "Jaisalmer"
			},
			"JOD": {
				"___name___": "Jodhpur"
			},
			"KOT": {
				"___name___": "Kota"
			},
			"UDA": {
				"___name___": "Udaipur"
			},
			"RAJ": {
				"___name___": "Rajasthan-Other"
			},
			"zzOTHER": {
				"___name___": "Other"
			}
		},
		"SK": {
			"___name___": "Sikkim",
			"GAN": {
				"___name___": "Gangtok"
			},
			"SIK": {
				"___name___": "Sikkim-Other"
			},
			"zzOTHER": {
				"___name___": "Other"
			}
		},
		"TN": {
			"___name___": "Tamil Nadu",
			"CHE": {
				"___name___": "Chennai"
			},
			"COI": {
				"___name___": "Coimbatore"
			},
			"CUD": {
				"___name___": "Cuddalore"
			},
			"ERO": {
				"___name___": "Erode"
			},
			"HOS": {
				"___name___": "Hosur"
			},
			"MAD": {
				"___name___": "Madurai"
			},
			"NAG": {
				"___name___": "Nagerkoil"
			},
			"OOT": {
				"___name___": "Ooty"
			},
			"SAL": {
				"___name___": "Salem"
			},
			"THA": {
				"___name___": "Thanjavur"
			},
			"TIR": {
				"___name___": "Tirunalveli"
			},
			"TRI": {
				"___name___": "Trichy"
			},
			"TUT": {
				"___name___": "Tuticorin"
			},
			"VEL": {
				"___name___": "Vellore"
			},
			"TAM": {
				"___name___": "Tamil Nadu-Other"
			},
			"zzOTHER": {
				"___name___": "Other"
			}
		},
		"TR": {
			"___name___": "Tripura",
			"AGA": {
				"___name___": "Agartala"
			},
			"TRI": {
				"___name___": "Tripura-Other"
			},
			"zzOTHER": {
				"___name___": "Other"
			}
		},
		"UT": {
			"___name___": "Uttaranchal",
			"DEH": {
				"___name___": "Dehradun"
			},
			"ROO": {
				"___name___": "Roorkee"
			},
			"UTT": {
				"___name___": "Uttaranchal-Other"
			},
			"zzOTHER": {
				"___name___": "Other"
			}
		},
		"UP": {
			"___name___": "Uttar Pradesh",
			"AGR": {
				"___name___": "Agra"
			},
			"ALI": {
				"___name___": "Aligarh"
			},
			"ALL": {
				"___name___": "Allahabad"
			},
			"BAR": {
				"___name___": "Bareilly"
			},
			"FAI": {
				"___name___": "Faizabad"
			},
			"GHA": {
				"___name___": "Ghaziabad"
			},
			"GOR": {
				"___name___": "Gorakhpur"
			},
			"KAN": {
				"___name___": "Kanpur"
			},
			"LUC": {
				"___name___": "Lucknow"
			},
			"MAT": {
				"___name___": "Mathura"
			},
			"MEE": {
				"___name___": "Meerut"
			},
			"MOR": {
				"___name___": "Moradabad"
			},
			"NOI": {
				"___name___": "Noida"
			},
			"VAR": {
				"___name___": "Varanasi/Banaras"
			},
			"UTT": {
				"___name___": "Uttar Pradesh-Other"
			},
			"zzOTHER": {
				"___name___": "Other"
			}
		},
		"WB": {
			"___name___": "West Bengal",
			"ASA": {
				"___name___": "Asansol"
			},
			"DUR": {
				"___name___": "Durgapur"
			},
			"HAL": {
				"___name___": "Haldia"
			},
			"KHA": {
				"___name___": "Kharagpur"
			},
			"KOL": {
				"___name___": "Kolkatta"
			},
			"SIL": {
				"___name___": "Siliguri"
			},
			"WES": {
				"___name___": "West Bengal - Other"
			},
			"zzOTHER": {
				"___name___": "Other"
			}
		},
		"TL": {
			"___name___": "Telangana",
			"zzOTHER": {
				"___name___": "Other"
			}
		},
		"UK": {
			"___name___": "Uttarakhand",
			"zzOTHER": {
				"___name___": "Other"
			}
		}
	},
	"O": {
		"___name___": "Other",
		"OS1": {
			"___name___": "Ostate1",
			"OC1": {
				"___name___": "OCity1"
			},
			"zzOTHER": {
				"___name___": "Other"
			}
		},
		"OS2": {
			"___name___": "OState2",
			"OC2": {
				"___name___": "Ocity2"
			},
			"zzOTHER": {
				"___name___": "Other"
			}
		}
	}
}]